{"dev_loss": 0.4880274672718609, "accuracy_dev": 0.44139329155915963, "macro_precision_dev": 0.5049688221067601, "macro_recall_dev": 0.6351037848148637, "macro_f1_dev": 0.5613835348021592, "micro_precision_dev": 0.5540886434056311, "micro_recall_dev": 0.703076923076923, "micro_f1_dev": 0.6197543886084532, "weighted_precision_dev": 0.559665556529961, "weighted_recall_dev": 0.703076923076923, "weighted_f1_dev": 0.622283009816668, "threshold": 0.275, "roc_auc_dev": 0.7737694090079146, "_timestamp": 1704285774.6889036, "_runtime": 306.25426268577576, "_step": 151, "test_loss": 0.48718966175528133, "accuracy_test": 0.43467845955408146, "macro_precision_test": 0.512281519860645, "macro_recall_test": 0.6458037847667909, "macro_f1_test": 0.5702614077520788, "micro_precision_test": 0.5550033579583613, "micro_recall_test": 0.7087478559176672, "micro_f1_test": 0.6225235404896422, "weighted_precision_test": 0.5576469877022662, "weighted_recall_test": 0.7087478559176672, "weighted_f1_test": 0.6231975258288227, "roc_auc_test": 0.7758162558400183, "train_loss": 0.4843336526085349, "epoch": 150, "best_roc_auc_dev": 0.7756316325616931, "best_roc_auc_test": 0.7770895639796226, "best_roc_auc_epoch": 149, "best_weighted_f1_dev": 0.6242086458735392, "best_weighted_precision_dev": 0.5563367374082258, "best_weighted_recall_dev": 0.7141880341880342, "best_weighted_f1_test": 0.6234592843682646, "best_weighted_precision_test": 0.5534716406613983, "best_weighted_recall_test": 0.7169811320754716, "best_weighted_f1_epoch": 131, "best_macro_f1_dev": 0.5639336539726324, "best_macro_precision_dev": 0.4992573736355208, "best_macro_recall_dev": 0.6538660428205867, "best_macro_f1_test": 0.5716385651741516, "best_macro_precision_test": 0.5064005128461517, "best_macro_recall_test": 0.6610844960124811, "best_macro_f1_epoch": 131, "_wandb": {"runtime": 306}}