{"dev_loss": 0.5690749455900753, "accuracy_dev": 0.0007371913011426465, "macro_precision_dev": 0.2697600389271703, "macro_recall_dev": 1.0, "macro_f1_dev": 0.41286123634546285, "micro_precision_dev": 0.26990864630432776, "micro_recall_dev": 1.0, "micro_f1_dev": 0.4250835634355471, "weighted_precision_dev": 0.3143272855925509, "weighted_recall_dev": 1.0, "weighted_f1_dev": 0.4696470116108825, "threshold": 0.25, "roc_auc_dev": 0.7466711175436715, "_timestamp": 1706434667.70872, "_runtime": 3.890181064605713, "_step": 0, "_wandb": {"runtime": 4}}