{"dev_loss": 0.46593751293771407, "accuracy_dev": 0.44839660892001476, "macro_precision_dev": 0.5748216990288662, "macro_recall_dev": 0.6227131287588277, "macro_f1_dev": 0.5571517228700004, "micro_precision_dev": 0.5719681640361527, "micro_recall_dev": 0.7247863247863248, "micro_f1_dev": 0.6393726909447334, "weighted_precision_dev": 0.5861272629863282, "weighted_recall_dev": 0.7247863247863248, "weighted_f1_dev": 0.6258390663012373, "threshold": 0.25, "roc_auc_dev": 0.7959835738550485, "_timestamp": 1705917997.236512, "_runtime": 324.78734588623047, "_step": 151, "test_loss": 0.46584977332283467, "accuracy_test": 0.429703335175972, "macro_precision_test": 0.5764712132468661, "macro_recall_test": 0.6388113025607264, "macro_f1_test": 0.5659430492098618, "micro_precision_test": 0.5661530286928799, "micro_recall_test": 0.7310463121783877, "micro_f1_test": 0.6381194789639166, "weighted_precision_test": 0.5826849374367644, "weighted_recall_test": 0.7310463121783877, "weighted_f1_test": 0.6248048296437204, "roc_auc_test": 0.8005272919700585, "train_loss": 0.46169684704612285, "epoch": 150, "best_roc_auc_dev": 0.8031612533342365, "best_roc_auc_test": 0.8049717161474301, "best_roc_auc_epoch": 92, "best_weighted_f1_dev": 0.6420522286643251, "best_weighted_precision_dev": 0.5976357988794262, "best_weighted_recall_dev": 0.7223931623931624, "best_weighted_f1_test": 0.6373042072323021, "best_weighted_precision_test": 0.5901613319353073, "best_weighted_recall_test": 0.7238421955403087, "best_weighted_f1_epoch": 56, "best_macro_f1_dev": 0.5885946598224603, "best_macro_precision_dev": 0.5307315125907174, "best_macro_recall_dev": 0.6976807168702501, "best_macro_f1_test": 0.5897081246874312, "best_macro_precision_test": 0.5270350110658437, "best_macro_recall_test": 0.7062339388467465, "best_macro_f1_epoch": 58, "_wandb": {"runtime": 325}}