{"train_loss": 1074.5807922035456, "global_step": 3000, "_timestamp": 1683455940.699883, "_runtime": 1039.1283340454102, "_step": 5, "loss": 0.23488665998858563, "accuracy": 0.39660892001474385, "macro_precision": 0.44167316689059605, "macro_recall": 0.2726830776334756, "macro_f1": 0.31305747498590086, "micro_precision": 0.6803108808290156, "micro_recall": 0.4115987460815047, "micro_f1": 0.512890625, "weighted_precision": 0.5842496070912138, "weighted_recall": 0.4115987460815047, "weighted_f1": 0.4542471067280733, "_wandb": {"runtime": 1171}}