{"dev_loss": 0.46436263848753534, "accuracy_dev": 0.4404718024327313, "macro_precision_dev": 0.5410442705906361, "macro_recall_dev": 0.6494649909584348, "macro_f1_dev": 0.5792871100291717, "micro_precision_dev": 0.5670416942422237, "micro_recall_dev": 0.7323076923076923, "micro_f1_dev": 0.6391644908616189, "weighted_precision_dev": 0.574713612753244, "weighted_recall_dev": 0.7323076923076923, "weighted_f1_dev": 0.6352413120331154, "threshold": 0.225, "roc_auc_dev": 0.7920667867145448, "_timestamp": 1705921279.6407955, "_runtime": 331.6009213924408, "_step": 151, "test_loss": 0.465148904393701, "accuracy_test": 0.4274921687857011, "macro_precision_test": 0.5474563764458086, "macro_recall_test": 0.6615358723497298, "macro_f1_test": 0.5883453281859082, "micro_precision_test": 0.5621387283236994, "micro_recall_test": 0.7339622641509433, "micro_f1_test": 0.6366612111292962, "weighted_precision_test": 0.5724605040645703, "weighted_recall_test": 0.7339622641509433, "weighted_f1_test": 0.634063119427527, "roc_auc_test": 0.793977977562168, "train_loss": 0.4549456435091355, "epoch": 150, "best_roc_auc_dev": 0.7989685878290513, "best_roc_auc_test": 0.7994581054568617, "best_roc_auc_epoch": 130, "best_weighted_f1_dev": 0.6438726875071998, "best_weighted_precision_dev": 0.6104333946627155, "best_weighted_recall_dev": 0.7047863247863247, "best_weighted_f1_test": 0.6360959566412904, "best_weighted_precision_test": 0.5963051235806285, "best_weighted_recall_test": 0.7048027444253859, "best_weighted_f1_epoch": 130, "best_macro_f1_dev": 0.590622658058189, "best_macro_precision_dev": 0.5525495110653966, "best_macro_recall_dev": 0.6654511039590558, "best_macro_f1_test": 0.5953123788943772, "best_macro_precision_test": 0.5503291923008333, "best_macro_recall_test": 0.6777814362129811, "best_macro_f1_epoch": 140, "_wandb": {"runtime": 331}}