{"dev_loss": 0.4616901923628414, "accuracy_dev": 0.40619240692959824, "macro_precision_dev": 0.5344352408279228, "macro_recall_dev": 0.68840714099043, "macro_f1_dev": 0.5904487850869526, "micro_precision_dev": 0.5548242890848131, "micro_recall_dev": 0.7637606837606837, "micro_f1_dev": 0.6427389771991656, "weighted_precision_dev": 0.5668734854196119, "weighted_recall_dev": 0.7637606837606837, "weighted_f1_dev": 0.6420903993429641, "threshold": 0.2, "roc_auc_dev": 0.8063967444644344, "_timestamp": 1704706263.0756128, "_runtime": 70.4332857131958, "_step": 34, "test_loss": 0.4604079553309609, "accuracy_test": 0.3908236594803759, "macro_precision_test": 0.5315539304704526, "macro_recall_test": 0.6942142127471735, "macro_f1_test": 0.5907081986995659, "micro_precision_test": 0.5488869757717378, "micro_recall_test": 0.7655231560891939, "micro_f1_test": 0.639352481913903, "weighted_precision_test": 0.5577880244832683, "weighted_recall_test": 0.7655231560891939, "weighted_f1_test": 0.636716854312118, "roc_auc_test": 0.811262877622307, "train_loss": 0.45569936878540934, "epoch": 34, "_wandb": {"runtime": 70}}