{"train_loss": 1.053264170885086, "global_step": 80, "_timestamp": 1700566659.8980005, "_runtime": 6.173022508621216, "_step": 10, "dev_loss": 1.040064104164348, "accuracy_dev": 0.0, "macro_precision_dev": 0.269485903814262, "macro_recall_dev": 1.0, "macro_f1_dev": 0.41248490472396426, "micro_precision_dev": 0.269485903814262, "micro_recall_dev": 1.0, "micro_f1_dev": 0.42455911169170474, "weighted_precision_dev": 0.31410450123551287, "weighted_recall_dev": 1.0, "weighted_f1_dev": 0.4693637073935359, "threshold": 0.0, "test_loss": 1.0360153587425456, "accuracy_test": 0.0, "macro_precision_test": 0.268515106853353, "macro_recall_test": 1.0, "macro_f1_test": 0.41327619788786374, "micro_precision_test": 0.268515106853353, "micro_recall_test": 1.0, "micro_f1_test": 0.4233534238617384, "weighted_precision_test": 0.30561177605225937, "weighted_recall_test": 1.0, "weighted_f1_test": 0.46088288018159557, "_wandb": {"runtime": 5}}