{"dev_loss": 0.5683520197868347, "accuracy_dev": 0.0012900847769996315, "macro_precision_dev": 0.75, "macro_recall_dev": 0.0012521067543028418, "macro_f1_dev": 0.0024993116890213653, "micro_precision_dev": 0.6363636363636364, "micro_recall_dev": 0.0011965811965811966, "micro_f1_dev": 0.0023886708752772568, "weighted_precision_dev": 0.7654273504273504, "weighted_recall_dev": 0.0011965811965811966, "weighted_f1_dev": 0.002388583417788933, "threshold": [0.325, 0.35, 0.4, 0.475], "roc_auc_dev": 0.6139355752414325, "_timestamp": 1706438754.1332984, "_runtime": 3.9898123741149902, "_step": 0, "_wandb": {"runtime": 3}}