{"dev_loss": 0.5688562579014722, "accuracy_dev": 0.00681901953556948, "macro_precision_dev": 0.27152511964603626, "macro_recall_dev": 0.992330685997696, "macro_f1_dev": 0.4149312600972927, "micro_precision_dev": 0.2733674475376743, "micro_recall_dev": 0.9953846153846154, "micro_f1_dev": 0.4289344775514714, "weighted_precision_dev": 0.31577537367366304, "weighted_recall_dev": 0.9953846153846154, "weighted_f1_dev": 0.4712137279099889, "threshold": 0.25, "roc_auc_dev": 0.6039778581045603, "_timestamp": 1706434092.5670388, "_runtime": 3.6636037826538086, "_step": 0, "_wandb": {"runtime": 3}}