{"train_loss": 0.5630195152759552, "global_step": 300, "_timestamp": 1683618592.8620994, "_runtime": 54.75315833091736, "_step": 8, "dev_loss": 0.48572596066138324, "accuracy_dev": 0.13195724290453373, "macro_precision_dev": 0.4076735014968924, "macro_recall_dev": 0.7267571220514861, "macro_f1_dev": 0.4252743191783286, "micro_precision_dev": 0.3698237885462555, "micro_recall_dev": 0.861025641025641, "micro_f1_dev": 0.5174114021571649, "weighted_precision_dev": 0.391237976078227, "weighted_recall_dev": 0.861025641025641, "weighted_f1_dev": 0.4927859636832537, "threshold": 0.2, "test_loss": 0.48990464631248926, "accuracy_test": 0.1264050119771513, "macro_precision_test": 0.38629841159203604, "macro_recall_test": 0.7320222035180868, "macro_f1_test": 0.4248286987851735, "micro_precision_test": 0.36261818181818184, "micro_recall_test": 0.8552315608919383, "micro_f1_test": 0.5092951991828396, "weighted_precision_test": 0.3773398864274684, "weighted_recall_test": 0.8552315608919383, "weighted_f1_test": 0.4830701247037898, "_wandb": {"runtime": 54}}