{"dev_loss": 0.4671073671649484, "accuracy_dev": 0.46664209362329523, "macro_precision_dev": 0.5774191469503402, "macro_recall_dev": 0.6467561861904069, "macro_f1_dev": 0.5935033691455791, "micro_precision_dev": 0.5837234921509226, "micro_recall_dev": 0.7246153846153847, "micro_f1_dev": 0.6465832824893227, "weighted_precision_dev": 0.6056267773097255, "weighted_recall_dev": 0.7246153846153847, "weighted_f1_dev": 0.6456499864909259, "threshold": 0.225, "roc_auc_dev": 0.8045208472976046, "_timestamp": 1704707710.6675758, "_runtime": 290.6768629550934, "_step": 151, "test_loss": 0.46676212794640487, "accuracy_test": 0.4490510410908421, "macro_precision_test": 0.5724792512161219, "macro_recall_test": 0.6569872274586086, "macro_f1_test": 0.5962584179881317, "micro_precision_test": 0.5765997830802603, "micro_recall_test": 0.7295025728987993, "micro_f1_test": 0.6441011661366044, "weighted_precision_test": 0.5977221675067931, "weighted_recall_test": 0.7295025728987993, "weighted_f1_test": 0.6430207080611671, "roc_auc_test": 0.8086744019045605, "train_loss": 0.449878871791503, "epoch": 150, "best_roc_auc_dev": 0.8115110552423563, "best_roc_auc_test": 0.8147941372001839, "best_roc_auc_epoch": 76, "best_weighted_f1_dev": 0.6535380203341197, "best_weighted_precision_dev": 0.5839043104475566, "best_weighted_recall_dev": 0.7557264957264958, "best_weighted_f1_test": 0.6486304468490913, "best_weighted_precision_test": 0.573791987541535, "best_weighted_recall_test": 0.7588336192109777, "best_weighted_f1_epoch": 60, "best_macro_f1_dev": 0.6029002623027251, "best_macro_precision_dev": 0.5544634537356499, "best_macro_recall_dev": 0.6754635937743126, "best_macro_f1_test": 0.5995424049790157, "best_macro_precision_test": 0.5476670076948046, "best_macro_recall_test": 0.6759881853507501, "best_macro_f1_epoch": 120, "_wandb": {"runtime": 290}}