{"dev_loss": 0.47045833223006306, "accuracy_dev": 0.4467379284924438, "macro_precision_dev": 0.5465748583795113, "macro_recall_dev": 0.6383387026830001, "macro_f1_dev": 0.5728405281196799, "micro_precision_dev": 0.5707145751722275, "micro_recall_dev": 0.7222222222222222, "micro_f1_dev": 0.6375914887195352, "weighted_precision_dev": 0.5750173272464235, "weighted_recall_dev": 0.7222222222222222, "weighted_f1_dev": 0.6311922942090769, "threshold": 0.25, "roc_auc_dev": 0.7868359718165885, "_timestamp": 1704293857.4253209, "_runtime": 310.2858507633209, "_step": 151, "test_loss": 0.4688152891748092, "accuracy_test": 0.45034088815183343, "macro_precision_test": 0.5614740289185138, "macro_recall_test": 0.6513517406247056, "macro_f1_test": 0.5858109128441291, "micro_precision_test": 0.5738282308317529, "micro_recall_test": 0.7265866209262436, "micro_f1_test": 0.6412352406902816, "weighted_precision_test": 0.5784191005840859, "weighted_recall_test": 0.7265866209262436, "weighted_f1_test": 0.6339343905252779, "roc_auc_test": 0.7943737382107747, "train_loss": 0.45735694801106175, "epoch": 150, "best_roc_auc_dev": 0.7985672582800927, "best_roc_auc_test": 0.8082225739964078, "best_roc_auc_epoch": 32, "best_weighted_f1_dev": 0.6389965364911513, "best_weighted_precision_dev": 0.578672877349632, "best_weighted_recall_dev": 0.7345299145299146, "best_weighted_f1_test": 0.6334703862745938, "best_weighted_precision_test": 0.5719152978040614, "best_weighted_recall_test": 0.7341337907375644, "best_weighted_f1_epoch": 107, "best_macro_f1_dev": 0.583599499204122, "best_macro_precision_dev": 0.5500812326858997, "best_macro_recall_dev": 0.655352677074961, "best_macro_f1_test": 0.5864841765678487, "best_macro_precision_test": 0.5529539118884377, "best_macro_recall_test": 0.6620717033277475, "best_macro_f1_epoch": 107, "_wandb": {"runtime": 310}}