{"dev_loss": 0.4772072841139401, "accuracy_dev": 0.33136748986361964, "macro_precision_dev": 0.48170560184660527, "macro_recall_dev": 0.6823813053238512, "macro_f1_dev": 0.5575593572649042, "micro_precision_dev": 0.5174371451743714, "micro_recall_dev": 0.7634188034188034, "micro_f1_dev": 0.6168082314757267, "weighted_precision_dev": 0.530321669127419, "weighted_recall_dev": 0.7634188034188034, "weighted_f1_dev": 0.6179537251981813, "threshold": 0.2, "_timestamp": 1701608271.5596385, "_runtime": 45.58277249336243, "_step": 47, "test_loss": 0.47814156588386086, "accuracy_test": 0.328173945089368, "macro_precision_test": 0.4840864718969281, "macro_recall_test": 0.6852030068359469, "macro_f1_test": 0.55943002694675, "micro_precision_test": 0.5114134194143417, "micro_recall_test": 0.7608919382504288, "micro_f1_test": 0.6116933259790402, "weighted_precision_test": 0.5216763645315339, "weighted_recall_test": 0.7608919382504288, "weighted_f1_test": 0.6109808255285768, "train_loss": 0.45331076173221363, "epoch": 47, "_wandb": {"runtime": 45}}