{"dev_loss": 0.5713607006213244, "accuracy_dev": 0.0018429782528566164, "macro_precision_dev": 0.35740923985801826, "macro_recall_dev": 0.8418164294058775, "macro_f1_dev": 0.44696569984194584, "micro_precision_dev": 0.29022499527320855, "micro_recall_dev": 0.7871794871794872, "micro_f1_dev": 0.4240917253764333, "weighted_precision_dev": 0.4355034326687028, "weighted_recall_dev": 0.7871794871794872, "weighted_f1_dev": 0.5169219698348664, "threshold": [-0.5, 0.275, 0.3, 0.325], "roc_auc_dev": 0.7430510088990196, "_timestamp": 1706440301.5459666, "_runtime": 3.348247528076172, "_step": 0, "_wandb": {"runtime": 3}}