{"dev_loss": 0.572376783805735, "accuracy_dev": 0.0, "macro_precision_dev": 0.2697562286743228, "macro_recall_dev": 0.999599358974359, "macro_f1_dev": 0.4128865155401573, "micro_precision_dev": 0.27009928422997, "micro_recall_dev": 0.9998290598290598, "micro_f1_dev": 0.4253044900927104, "weighted_precision_dev": 0.3142609844680783, "weighted_recall_dev": 0.9998290598290598, "weighted_f1_dev": 0.4695808687847297, "threshold": 0.25, "roc_auc_dev": 0.5498613532608285, "_timestamp": 1706433715.7392607, "_runtime": 3.820133686065674, "_step": 0, "_wandb": {"runtime": 3}}