{"train_loss": 0.7663206528276205, "global_step": 2000, "_timestamp": 1683621788.7934904, "_runtime": 724.810120344162, "_step": 5, "dev_loss": 1.3434458438964452, "accuracy_dev": 0.5145595281975672, "macro_precision_dev": 0.6056153617115692, "macro_recall_dev": 0.5362010003770815, "macro_f1_dev": 0.5253799976509557, "micro_precision_dev": 0.6075434888635994, "micro_recall_dev": 0.6388034188034188, "micro_f1_dev": 0.6227814348804266, "weighted_precision_dev": 0.6201082411190657, "weighted_recall_dev": 0.6388034188034188, "weighted_f1_dev": 0.6074740459919019, "threshold": 0.6, "test_loss": 1.4378971774788465, "accuracy_test": 0.4947484798231067, "macro_precision_test": 0.5957123532340018, "macro_recall_test": 0.5389925090705219, "macro_f1_test": 0.5245617341970112, "micro_precision_test": 0.5927360774818402, "micro_recall_test": 0.6298456260720412, "micro_f1_test": 0.6107276507276508, "weighted_precision_test": 0.6048291346443083, "weighted_recall_test": 0.6298456260720412, "weighted_f1_test": 0.5949673986394294, "_wandb": {"runtime": 769}}