{"dev_loss": 0.5654433706227471, "accuracy_dev": 0.0, "macro_precision_dev": 0.2696739976246058, "macro_recall_dev": 1.0, "macro_f1_dev": 0.4127660153995416, "micro_precision_dev": 0.26985884306670355, "micro_recall_dev": 1.0, "micro_f1_dev": 0.42502179598953793, "weighted_precision_dev": 0.31422145268691526, "weighted_recall_dev": 1.0, "weighted_f1_dev": 0.4695235651199342, "threshold": 0.25, "roc_auc_dev": 0.7779923009633147, "_timestamp": 1706439233.4039266, "_runtime": 3.7946126461029053, "_step": 0, "_wandb": {"runtime": 4}}