{"dev_loss": 0.4889658396734911, "accuracy_dev": 0.4502395871728714, "macro_precision_dev": 0.5084167192082927, "macro_recall_dev": 0.6409571116058925, "macro_f1_dev": 0.5643684542010173, "micro_precision_dev": 0.5567668173358149, "micro_recall_dev": 0.7158974358974359, "micro_f1_dev": 0.6263834878851331, "weighted_precision_dev": 0.5643356768040683, "weighted_recall_dev": 0.7158974358974359, "weighted_f1_dev": 0.6287047581373324, "threshold": 0.275, "roc_auc_dev": 0.7804314983351662, "_timestamp": 1704284513.128298, "_runtime": 201.0137119293213, "_step": 98, "test_loss": 0.48883902167572696, "accuracy_test": 0.43486272341993737, "macro_precision_test": 0.5065717694995238, "macro_recall_test": 0.6453680053138926, "macro_f1_test": 0.564821940718571, "micro_precision_test": 0.5503804775649436, "micro_recall_test": 0.7195540308747856, "micro_f1_test": 0.6236990782039846, "weighted_precision_test": 0.5554559456744992, "weighted_recall_test": 0.7195540308747856, "weighted_f1_test": 0.6242505567754073, "roc_auc_test": 0.7812681119506714, "train_loss": 0.4849379788426792, "epoch": 98, "_wandb": {"runtime": 200}}