{"dev_loss": 0.4841851911124061, "accuracy_dev": 0.523958717287136, "macro_precision_dev": 0.5761296259266836, "macro_recall_dev": 0.5389261326610781, "macro_f1_dev": 0.5307466043346472, "micro_precision_dev": 0.6141277438521208, "micro_recall_dev": 0.6360683760683761, "micro_f1_dev": 0.6249055336300277, "weighted_precision_dev": 0.6099130564875119, "weighted_recall_dev": 0.6360683760683761, "weighted_f1_dev": 0.6087693433478611, "threshold": 0.3, "_timestamp": 1701608109.0568357, "_runtime": 113.91696953773499, "_step": 121, "test_loss": 0.48509630350505606, "accuracy_test": 0.5198083655795098, "macro_precision_test": 0.5881789773749018, "macro_recall_test": 0.5462238301443686, "macro_f1_test": 0.5378363016834405, "micro_precision_test": 0.6063043835166639, "micro_recall_test": 0.6334476843910806, "micro_f1_test": 0.6195788943880546, "weighted_precision_test": 0.60609802470194, "weighted_recall_test": 0.6334476843910806, "weighted_f1_test": 0.6029789744912654, "train_loss": 0.47680588224354914, "epoch": 121, "_wandb": {"runtime": 113}}