{"dev_loss": 0.5335016099845662, "accuracy_dev": 0.2617029119056395, "macro_precision_dev": 0.38596706184710083, "macro_recall_dev": 0.676014839256238, "macro_f1_dev": 0.4836983400492608, "micro_precision_dev": 0.43091201818354014, "micro_recall_dev": 0.7777777777777778, "micro_f1_dev": 0.5545737095496375, "weighted_precision_dev": 0.41910370158582916, "weighted_recall_dev": 0.7777777777777778, "weighted_f1_dev": 0.541041778545729, "threshold": 0.275, "roc_auc_dev": 0.7372870444284314, "_timestamp": 1706439376.8119495, "_runtime": 3.949411392211914, "_step": 0, "_wandb": {"runtime": 4}}