{"dev_loss": 0.5558471816427567, "accuracy_dev": 0.003870254330998894, "macro_precision_dev": 0.875, "macro_recall_dev": 0.005919992578836832, "macro_f1_dev": 0.01157681521017304, "micro_precision_dev": 0.6875, "micro_recall_dev": 0.0037606837606837607, "micro_f1_dev": 0.007480448826929616, "weighted_precision_dev": 0.9466666666666667, "weighted_recall_dev": 0.0037606837606837607, "weighted_f1_dev": 0.007401287100632842, "threshold": [0.275, 0.35, 0.375, 0.475], "roc_auc_dev": 0.7853000080641093, "_timestamp": 1706437499.4104593, "_runtime": 3.298347234725952, "_step": 0, "_wandb": {"runtime": 3}}