{"dev_loss": 0.4091469488599721, "accuracy_dev": 0.5081091043125691, "macro_precision_dev": 0.5457515611402838, "macro_recall_dev": 0.631177226374416, "macro_f1_dev": 0.582865466941167, "micro_precision_dev": 0.5950079353628625, "micro_recall_dev": 0.704957264957265, "micro_f1_dev": 0.6453329160472576, "weighted_precision_dev": 0.5962316992590455, "weighted_recall_dev": 0.704957264957265, "weighted_f1_dev": 0.6436150052800976, "threshold": 0.325, "roc_auc_dev": 0.816362507472098, "_timestamp": 1705915145.5070376, "_runtime": 330.43444061279297, "_step": 151, "test_loss": 0.4099716693162918, "accuracy_test": 0.5061728395061729, "macro_precision_test": 0.550345173151829, "macro_recall_test": 0.6405627823590803, "macro_f1_test": 0.5893704403496868, "micro_precision_test": 0.592619184376795, "micro_recall_test": 0.7078902229845626, "micro_f1_test": 0.6451461622635611, "weighted_precision_test": 0.5913536021377683, "weighted_recall_test": 0.7078902229845626, "weighted_f1_test": 0.6419564975983622, "roc_auc_test": 0.8181213868256281, "train_loss": 0.3380571894785937, "epoch": 150, "best_roc_auc_dev": 0.8250302511243655, "best_roc_auc_test": 0.8224051687910615, "best_roc_auc_epoch": 21, "best_weighted_f1_dev": 0.6591500075184611, "best_weighted_precision_dev": 0.5907564686642092, "best_weighted_recall_dev": 0.7589743589743589, "best_weighted_f1_test": 0.6472012632438454, "best_weighted_precision_test": 0.5751615546489044, "best_weighted_recall_test": 0.7518010291595197, "best_weighted_f1_epoch": 16, "best_macro_f1_dev": 0.6008525027193422, "best_macro_precision_dev": 0.536908035612641, "best_macro_recall_dev": 0.6936896224416573, "best_macro_f1_test": 0.5949539340025184, "best_macro_precision_test": 0.5306682965985, "best_macro_recall_test": 0.688258232760895, "best_macro_f1_epoch": 16, "_wandb": {"runtime": 330}}