{"dev_loss": 0.5335016099845662, "accuracy_dev": 0.28879469222263177, "macro_precision_dev": 0.43665809035177794, "macro_recall_dev": 0.6858163564948194, "macro_f1_dev": 0.5120280935654518, "micro_precision_dev": 0.43284365162644284, "micro_recall_dev": 0.7051282051282052, "micro_f1_dev": 0.5364109232769831, "weighted_precision_dev": 0.4994260361351721, "weighted_recall_dev": 0.7051282051282052, "weighted_f1_dev": 0.5703090306814564, "threshold": [0.25, 0.3, 0.275, 0.325], "roc_auc_dev": 0.7372870444284314, "_timestamp": 1706439603.9229045, "_runtime": 3.3586955070495605, "_step": 0, "_wandb": {"runtime": 3}}