{"dev_loss": 0.5726054279243245, "accuracy_dev": 0.0, "macro_precision_dev": 0.2695355694802801, "macro_recall_dev": 1.0, "macro_f1_dev": 0.41254343464816695, "micro_precision_dev": 0.2695355694802801, "micro_recall_dev": 1.0, "micro_f1_dev": 0.42462074471946, "weighted_precision_dev": 0.314162390012003, "weighted_recall_dev": 1.0, "weighted_f1_dev": 0.469428597332681, "threshold": -0.5, "roc_auc_dev": 0.5583441664579263, "_timestamp": 1706433689.7684953, "_runtime": 3.784212350845337, "_step": 0, "_wandb": {"runtime": 3}}