{"dev_loss": 0.5718054035130669, "accuracy_dev": 0.00036859565057132326, "macro_precision_dev": 0.2795892139552488, "macro_recall_dev": 0.9524348810872028, "macro_f1_dev": 0.41580966187911206, "micro_precision_dev": 0.27328145908707935, "micro_recall_dev": 0.9425641025641026, "micro_f1_dev": 0.4237138356322281, "weighted_precision_dev": 0.32622263267918256, "weighted_recall_dev": 0.9425641025641026, "weighted_f1_dev": 0.47326706815925523, "threshold": [-0.5, 0.275, 0.3, -0.5], "roc_auc_dev": 0.6280525957676834, "_timestamp": 1706438959.487908, "_runtime": 6.705416917800903, "_step": 0, "_wandb": {"runtime": 3}}