{"dev_loss": 0.5665346804787131, "accuracy_dev": 0.016218208625138224, "macro_precision_dev": 0.2720151689145911, "macro_recall_dev": 0.9828649390992295, "macro_f1_dev": 0.4142588929690581, "micro_precision_dev": 0.27308056872037917, "micro_recall_dev": 0.984957264957265, "micro_f1_dev": 0.4276066790352505, "weighted_precision_dev": 0.3167496923148757, "weighted_recall_dev": 0.984957264957265, "weighted_f1_dev": 0.4709036317786968, "threshold": 0.2, "roc_auc_dev": 0.5674379504212341, "_timestamp": 1706434142.7580707, "_runtime": 3.6411266326904297, "_step": 0, "_wandb": {"runtime": 3}}