{"dev_loss": 0.5643456266206853, "accuracy_dev": 0.051234795429413935, "macro_precision_dev": 0.28161979450177466, "macro_recall_dev": 0.9014569219160623, "macro_f1_dev": 0.4212060586895959, "micro_precision_dev": 0.2931090613130765, "micro_recall_dev": 0.9234188034188034, "micro_f1_dev": 0.44497528830313016, "weighted_precision_dev": 0.32421717461931227, "weighted_recall_dev": 0.9234188034188034, "weighted_f1_dev": 0.4741332309100084, "threshold": 0.25, "roc_auc_dev": 0.5858405928728454, "_timestamp": 1706434472.8348837, "_runtime": 3.7925097942352295, "_step": 0, "_wandb": {"runtime": 4}}