{"dev_loss": 0.5643456448526943, "accuracy_dev": 0.0158496129745669, "macro_precision_dev": 0.4345186781609195, "macro_recall_dev": 0.011323961088642994, "macro_f1_dev": 0.021928760282662895, "micro_precision_dev": 0.6666666666666666, "micro_recall_dev": 0.015726495726495728, "micro_f1_dev": 0.030728122912491655, "weighted_precision_dev": 0.5238034679241576, "weighted_recall_dev": 0.015726495726495728, "weighted_f1_dev": 0.030398902377207902, "threshold": [0.45, 0.475, 0.475, 0.475], "roc_auc_dev": 0.5858406196479666, "_timestamp": 1706438785.9689505, "_runtime": 3.9146974086761475, "_step": 0, "_wandb": {"runtime": 3}}