{"dev_loss": 0.5604307844358332, "accuracy_dev": 0.09675635827497235, "macro_precision_dev": 0.39744306350761205, "macro_recall_dev": 0.7326147261007219, "macro_f1_dev": 0.46835286104522156, "micro_precision_dev": 0.3791551519936834, "micro_recall_dev": 0.8208547008547008, "micro_f1_dev": 0.5187145557655954, "weighted_precision_dev": 0.4289302907877772, "weighted_recall_dev": 0.8208547008547008, "weighted_f1_dev": 0.5318935060918233, "threshold": [0.275, 0.275, 0.275, 0.325], "roc_auc_dev": 0.7523209311146724, "_timestamp": 1706440465.3307405, "_runtime": 3.809075355529785, "_step": 0, "_wandb": {"runtime": 3}}