{"dev_loss": 0.4833127509145176, "accuracy_dev": 0.5, "macro_precision_dev": 0.5619825575264606, "macro_recall_dev": 0.6222236079264343, "macro_f1_dev": 0.5812903531748177, "micro_precision_dev": 0.5871179662953442, "micro_recall_dev": 0.7027350427350427, "micro_f1_dev": 0.6397447868036102, "weighted_precision_dev": 0.5831186742975232, "weighted_recall_dev": 0.7027350427350427, "weighted_f1_dev": 0.6305443869100631, "threshold": 0.275, "roc_auc_dev": 0.7785673964264417, "_timestamp": 1704288584.5853362, "_runtime": 303.24586629867554, "_step": 151, "test_loss": 0.48172802399186526, "accuracy_test": 0.5002763957987839, "macro_precision_test": 0.5689099076361325, "macro_recall_test": 0.6312916227242853, "macro_f1_test": 0.5881847479960891, "micro_precision_test": 0.5881932532875929, "micro_recall_test": 0.7058319039451115, "micro_f1_test": 0.6416653672228286, "weighted_precision_test": 0.5852546742637956, "weighted_recall_test": 0.7058319039451115, "weighted_f1_test": 0.6319440559528269, "roc_auc_test": 0.7858748999137866, "train_loss": 0.475070336636375, "epoch": 150, "best_roc_auc_dev": 0.7847571907930857, "best_roc_auc_test": 0.7905286291798203, "best_roc_auc_epoch": 147, "best_weighted_f1_dev": 0.647579935292701, "best_weighted_precision_dev": 0.6252491556366514, "best_weighted_recall_dev": 0.6748717948717948, "best_weighted_f1_test": 0.6446394886416805, "best_weighted_precision_test": 0.6159279115169995, "best_weighted_recall_test": 0.6799313893653516, "best_weighted_f1_epoch": 132, "best_macro_f1_dev": 0.5954457413900354, "best_macro_precision_dev": 0.5834917453014726, "best_macro_recall_dev": 0.6124465684327662, "best_macro_f1_test": 0.5971257195238667, "best_macro_precision_test": 0.5807492205485191, "best_macro_recall_test": 0.6198816458512054, "best_macro_f1_epoch": 132, "_wandb": {"runtime": 303}}