{"dev_loss": 0.42641550030778436, "accuracy_dev": 0.48193881312200515, "macro_precision_dev": 0.5201275585205943, "macro_recall_dev": 0.6559715768513631, "macro_f1_dev": 0.5799218490833993, "micro_precision_dev": 0.5685691100892616, "micro_recall_dev": 0.7186324786324786, "micro_f1_dev": 0.6348535185744488, "weighted_precision_dev": 0.571584090879647, "weighted_recall_dev": 0.7186324786324786, "weighted_f1_dev": 0.6364211573713756, "threshold": 0.3, "roc_auc_dev": 0.8076977222437172, "_timestamp": 1705921916.0680292, "_runtime": 337.66398310661316, "_step": 151, "test_loss": 0.4316285720642875, "accuracy_test": 0.47779620416436336, "macro_precision_test": 0.5149005268764124, "macro_recall_test": 0.6547147161642767, "macro_f1_test": 0.5762851032971232, "micro_precision_test": 0.5600483610961848, "micro_recall_test": 0.7150943396226415, "micro_f1_test": 0.6281452463462407, "weighted_precision_test": 0.5589933666635465, "weighted_recall_test": 0.7150943396226415, "weighted_f1_test": 0.6273314862714512, "roc_auc_test": 0.804024734157166, "train_loss": 0.28713546605671153, "epoch": 150, "best_roc_auc_dev": 0.8151000939169183, "best_roc_auc_test": 0.810366485503957, "best_roc_auc_epoch": 21, "best_weighted_f1_dev": 0.645548568754205, "best_weighted_precision_dev": 0.5770035305940766, "best_weighted_recall_dev": 0.7417094017094017, "best_weighted_f1_test": 0.6375797159238757, "best_weighted_precision_test": 0.5651395203778267, "best_weighted_recall_test": 0.7403087478559177, "best_weighted_f1_epoch": 14, "best_macro_f1_dev": 0.5883361172083136, "best_macro_precision_dev": 0.5272118793353304, "best_macro_recall_dev": 0.6771971045047722, "best_macro_f1_test": 0.5856742607270444, "best_macro_precision_test": 0.5245722524756818, "best_macro_recall_test": 0.6736340562285393, "best_macro_f1_epoch": 100, "_wandb": {"runtime": 338}}