{"dev_loss": 0.48072802021222955, "accuracy_dev": 0.3442683376336159, "macro_precision_dev": 0.4767879873225164, "macro_recall_dev": 0.6825029437918124, "macro_f1_dev": 0.5567094742517102, "micro_precision_dev": 0.518462434478742, "micro_recall_dev": 0.7608547008547009, "micro_f1_dev": 0.6166955316937998, "weighted_precision_dev": 0.527354230530872, "weighted_recall_dev": 0.7608547008547009, "weighted_f1_dev": 0.6179972614652117, "threshold": 0.2, "_timestamp": 1701608448.5491679, "_runtime": 73.61083579063416, "_step": 77, "test_loss": 0.48144808849867654, "accuracy_test": 0.33646581905288375, "macro_precision_test": 0.4759895995088871, "macro_recall_test": 0.682875929855042, "macro_f1_test": 0.5557642214016689, "micro_precision_test": 0.5102656304373042, "micro_recall_test": 0.7545454545454545, "micro_f1_test": 0.6088159988928101, "weighted_precision_test": 0.5152094086923664, "weighted_recall_test": 0.7545454545454545, "weighted_f1_test": 0.6074186476252372, "train_loss": 0.46330595051541046, "epoch": 77, "_wandb": {"runtime": 72}}