{"train_loss": 1.420110241174698, "global_step": 200, "_timestamp": 1683624185.519589, "_runtime": 142.2978959083557, "_step": 5, "dev_loss": 1.4066174380919512, "accuracy_dev": 0.0, "macro_precision_dev": 0.2695355694802801, "macro_recall_dev": 1.0, "macro_f1_dev": 0.41254343464816695, "micro_precision_dev": 0.2695355694802801, "micro_recall_dev": 1.0, "micro_f1_dev": 0.42462074471946, "weighted_precision_dev": 0.314162390012003, "weighted_recall_dev": 1.0, "weighted_f1_dev": 0.469428597332681, "threshold": 0.0, "test_loss": 1.4093164997942307, "accuracy_test": 0.0, "macro_precision_test": 0.2685645844849825, "macro_recall_test": 1.0, "macro_f1_test": 0.413335094863148, "micro_precision_test": 0.2685645844849825, "micro_recall_test": 1.0, "micro_f1_test": 0.4234149175684509, "weighted_precision_test": 0.30566808925956584, "weighted_recall_test": 1.0, "weighted_f1_test": 0.4609471287668582, "_wandb": {"runtime": 148}}