{"dev_loss": 0.4640528643832487, "accuracy_dev": 0.42720235901216363, "macro_precision_dev": 0.547539359040621, "macro_recall_dev": 0.6829201928060641, "macro_f1_dev": 0.597574519010584, "micro_precision_dev": 0.5653176229508197, "micro_recall_dev": 0.7545299145299146, "micro_f1_dev": 0.6463611070434909, "weighted_precision_dev": 0.5781362651598293, "weighted_recall_dev": 0.7545299145299146, "weighted_f1_dev": 0.6462952725204919, "threshold": 0.2, "roc_auc_dev": 0.799468067227209, "_timestamp": 1704706900.9867914, "_runtime": 581.3302953243256, "_step": 301, "test_loss": 0.4632562172763488, "accuracy_test": 0.41201400405380506, "macro_precision_test": 0.5463275143667039, "macro_recall_test": 0.6892510318318923, "macro_f1_test": 0.6002110127593451, "micro_precision_test": 0.5599236641221375, "micro_recall_test": 0.7548885077186964, "micro_f1_test": 0.6429510591672754, "weighted_precision_test": 0.5720097063211496, "weighted_recall_test": 0.7548885077186964, "weighted_f1_test": 0.6427221932948655, "roc_auc_test": 0.8034440576340132, "train_loss": 0.4401229402598213, "epoch": 300, "best_roc_auc_dev": 0.8064830207365937, "best_roc_auc_test": 0.8091928804164622, "best_roc_auc_epoch": 34, "best_weighted_f1_dev": 0.6501603188014162, "best_weighted_precision_dev": 0.6048153302814394, "best_weighted_recall_dev": 0.7225641025641025, "best_weighted_f1_test": 0.6452498142160928, "best_weighted_precision_test": 0.5947370202759643, "best_weighted_recall_test": 0.7241852487135506, "best_weighted_f1_epoch": 87, "best_macro_f1_dev": 0.5996059996687113, "best_macro_precision_dev": 0.5463948915827771, "best_macro_recall_dev": 0.6841217499914243, "best_macro_f1_test": 0.602495047941117, "best_macro_precision_test": 0.5435922480318214, "best_macro_recall_test": 0.6942114926181516, "best_macro_f1_epoch": 220, "_wandb": {"runtime": 581}}