{"dev_loss": 0.5718927762087653, "accuracy_dev": 0.0, "macro_precision_dev": 0.26955677970583863, "macro_recall_dev": 1.0, "macro_f1_dev": 0.41257755323760387, "micro_precision_dev": 0.2695852534562212, "micro_recall_dev": 1.0, "micro_f1_dev": 0.4246823956442832, "weighted_precision_dev": 0.3141714397082413, "weighted_recall_dev": 1.0, "weighted_f1_dev": 0.4694431545975074, "threshold": 0.25, "roc_auc_dev": 0.6234977794269925, "_timestamp": 1706434068.8886478, "_runtime": 8.47433590888977, "_step": 0, "_wandb": {"runtime": 3}}