{"dev_loss": 0.5558471816427567, "accuracy_dev": 0.28787320309620346, "macro_precision_dev": 0.39552508431691946, "macro_recall_dev": 0.521376195950133, "macro_f1_dev": 0.4085255961935387, "micro_precision_dev": 0.45861868833430064, "micro_recall_dev": 0.6753846153846154, "micro_f1_dev": 0.5462841341168336, "weighted_precision_dev": 0.4489185490081308, "weighted_recall_dev": 0.6753846153846154, "weighted_f1_dev": 0.49785139877854584, "threshold": 0.3, "roc_auc_dev": 0.7853000080641093, "_timestamp": 1706439278.5537345, "_runtime": 4.120750427246094, "_step": 0, "_wandb": {"runtime": 4}}