{"dev_loss": 0.5654433706227471, "accuracy_dev": 0.009767784740140067, "macro_precision_dev": 0.3592261180907349, "macro_recall_dev": 0.9236225064445641, "macro_f1_dev": 0.4803278789632789, "micro_precision_dev": 0.31925685998899955, "micro_recall_dev": 0.892991452991453, "micro_f1_dev": 0.47035519740692394, "weighted_precision_dev": 0.4328921705222661, "weighted_recall_dev": 0.892991452991453, "weighted_f1_dev": 0.5533401446067979, "threshold": [0.25, 0.275, 0.3, 0.325], "roc_auc_dev": 0.7779923009633147, "_timestamp": 1706439465.4312277, "_runtime": 3.2951316833496094, "_step": 0, "_wandb": {"runtime": 3}}