{"dev_loss": 0.5690749455900753, "accuracy_dev": 0.003317360855141909, "macro_precision_dev": 0.31292083373158514, "macro_recall_dev": 0.9474699738743488, "macro_f1_dev": 0.4362200027880192, "micro_precision_dev": 0.2810167545278981, "micro_recall_dev": 0.9203418803418804, "micro_f1_dev": 0.4305649966012235, "weighted_precision_dev": 0.3789602866051597, "weighted_recall_dev": 0.9203418803418804, "weighted_f1_dev": 0.5040148719256642, "threshold": [0.25, 0.275, 0.275, 0.325], "roc_auc_dev": 0.7466711175436715, "_timestamp": 1706440358.6743057, "_runtime": 3.4274067878723145, "_step": 0, "_wandb": {"runtime": 3}}