{"dev_loss": 0.5604307763716754, "accuracy_dev": 0.07574640619240693, "macro_precision_dev": 0.3543353861466444, "macro_recall_dev": 0.7785813777456069, "macro_f1_dev": 0.44452076460207146, "micro_precision_dev": 0.3490553396757336, "micro_recall_dev": 0.8905982905982905, "micro_f1_dev": 0.5015402387370043, "weighted_precision_dev": 0.3635245225388972, "weighted_recall_dev": 0.8905982905982905, "weighted_f1_dev": 0.49573390130047285, "threshold": 0.275, "roc_auc_dev": 0.7523208700594259, "_timestamp": 1706440193.6872869, "_runtime": 3.8852767944335938, "_step": 0, "_wandb": {"runtime": 4}}