{"dev_loss": 0.4686436100917704, "accuracy_dev": 0.45687430888315517, "macro_precision_dev": 0.5355293572868101, "macro_recall_dev": 0.6414140123748078, "macro_f1_dev": 0.5796705982899981, "micro_precision_dev": 0.5765114662960389, "micro_recall_dev": 0.709059829059829, "micro_f1_dev": 0.6359524722115754, "weighted_precision_dev": 0.5887133702809924, "weighted_recall_dev": 0.709059829059829, "weighted_f1_dev": 0.6384783840544374, "threshold": 0.25, "roc_auc_dev": 0.8005956113358178, "_timestamp": 1704294410.383896, "_runtime": 300.6853291988373, "_step": 151, "test_loss": 0.4674189656972885, "accuracy_test": 0.4370738898102082, "macro_precision_test": 0.5378619956321546, "macro_recall_test": 0.6530967414019826, "macro_f1_test": 0.5863244994713844, "micro_precision_test": 0.5719774941676959, "micro_recall_test": 0.7149228130360206, "micro_f1_test": 0.6355111687123581, "weighted_precision_test": 0.5818668320378733, "weighted_recall_test": 0.7149228130360206, "weighted_f1_test": 0.637401861500226, "roc_auc_test": 0.8046922120807118, "train_loss": 0.45955880144063166, "epoch": 150, "best_roc_auc_dev": 0.8011685069146426, "best_roc_auc_test": 0.8053854246898483, "best_roc_auc_epoch": 134, "best_weighted_f1_dev": 0.6404633927451668, "best_weighted_precision_dev": 0.5818788388377005, "best_weighted_recall_dev": 0.7177777777777777, "best_weighted_f1_test": 0.6371477939181125, "best_weighted_precision_test": 0.5746621549323054, "best_weighted_recall_test": 0.7193825042881646, "best_weighted_f1_epoch": 107, "best_macro_f1_dev": 0.5813442952732821, "best_macro_precision_dev": 0.5259646795901924, "best_macro_recall_dev": 0.6540984276515107, "best_macro_f1_test": 0.5848466479855593, "best_macro_precision_test": 0.5269532364233086, "best_macro_recall_test": 0.66059971193936, "best_macro_f1_epoch": 107, "_wandb": {"runtime": 300}}