{"dev_loss": 0.5646222777226392, "accuracy_dev": 0.017323995576852193, "macro_precision_dev": 0.278916677800052, "macro_recall_dev": 0.9016382780733091, "macro_f1_dev": 0.4210169863064688, "micro_precision_dev": 0.2966119867052643, "micro_recall_dev": 0.9458119658119658, "micro_f1_dev": 0.4515997388181522, "weighted_precision_dev": 0.319969436394664, "weighted_recall_dev": 0.9458119658119658, "weighted_f1_dev": 0.4738708427053205, "threshold": [0.25, 0.225, 0.2, 0.2], "roc_auc_dev": 0.5769785933514551, "_timestamp": 1706439039.0960486, "_runtime": 3.796281576156616, "_step": 0, "_wandb": {"runtime": 3}}