{"dev_loss": 0.4666834640152314, "accuracy_dev": 0.317545152967195, "macro_precision_dev": 0.4210612036823339, "macro_recall_dev": 0.5730749687577256, "macro_f1_dev": 0.44343954504935024, "micro_precision_dev": 0.48940500419011135, "micro_recall_dev": 0.6988034188034188, "micro_f1_dev": 0.5756530310497783, "weighted_precision_dev": 0.4769707111181341, "weighted_recall_dev": 0.6988034188034188, "weighted_f1_dev": 0.545636474449034, "threshold": 0.3, "_timestamp": 1702114175.887053, "_runtime": 6.978262901306152, "_step": 4, "test_loss": 0.46780342021409205, "accuracy_test": 0.3093790307720656, "macro_precision_test": 0.4655255863919951, "macro_recall_test": 0.5812660602306483, "macro_f1_test": 0.44346238103928304, "micro_precision_test": 0.47879359095193214, "micro_recall_test": 0.6970840480274443, "micro_f1_test": 0.5676770498672999, "weighted_precision_test": 0.48439135654926085, "weighted_recall_test": 0.6970840480274443, "weighted_f1_test": 0.5332929345472995, "train_loss": 0.4850626766681671, "epoch": 3, "best_weighted_f1_dev": 0.545636474449034, "best_weighted_precision_dev": 0.4769707111181341, "best_weighted_recall_dev": 0.6988034188034188, "best_weighted_f1_test": 0.5332929345472995, "best_weighted_precision_test": 0.48439135654926085, "best_weighted_recall_test": 0.6970840480274443, "best_weighted_f1_epoch": 3, "best_macro_f1_dev": 0.44343954504935024, "best_macro_precision_dev": 0.4210612036823339, "best_macro_recall_dev": 0.5730749687577256, "best_macro_f1_test": 0.44346238103928304, "best_macro_precision_test": 0.4655255863919951, "best_macro_recall_test": 0.5812660602306483, "best_macro_f1_epoch": 3, "_wandb": {"runtime": 6}}