{"dev_loss": 0.48112079203128816, "accuracy_dev": 0.32823442683376336, "macro_precision_dev": 0.48175354513819146, "macro_recall_dev": 0.6698268801086137, "macro_f1_dev": 0.552376315227535, "micro_precision_dev": 0.515126641651032, "micro_recall_dev": 0.750940170940171, "micro_f1_dev": 0.6110724718319656, "weighted_precision_dev": 0.5289717206394812, "weighted_recall_dev": 0.750940170940171, "weighted_f1_dev": 0.6121528098488864, "threshold": 0.2, "_timestamp": 1701608658.3844674, "_runtime": 115.7348244190216, "_step": 126, "test_loss": 0.4816969136981403, "accuracy_test": 0.32098765432098764, "macro_precision_test": 0.479507443239126, "macro_recall_test": 0.6759690175542727, "macro_f1_test": 0.5525743266482868, "micro_precision_test": 0.5082080924855491, "micro_recall_test": 0.7540308747855917, "micro_f1_test": 0.6071823204419888, "weighted_precision_test": 0.517447272092399, "weighted_recall_test": 0.7540308747855917, "weighted_f1_test": 0.605474201474365, "train_loss": 0.44568355924942915, "epoch": 126, "_wandb": {"runtime": 115}}