{"dev_loss": 0.5654433706227471, "accuracy_dev": 0.023221525985993367, "macro_precision_dev": 0.6070438681134489, "macro_recall_dev": 0.5087556997763457, "macro_f1_dev": 0.257290166412786, "micro_precision_dev": 0.2633466976155307, "micro_recall_dev": 0.4266666666666667, "micro_f1_dev": 0.325678496868476, "weighted_precision_dev": 0.7027951757130446, "weighted_recall_dev": 0.4266666666666667, "weighted_f1_dev": 0.2833654127775661, "threshold": [0.25, 0.3, 0.3, 0.35], "roc_auc_dev": 0.7779923009633147, "_timestamp": 1706437452.6302886, "_runtime": 3.2881155014038086, "_step": 0, "_wandb": {"runtime": 3}}