{"dev_loss": 0.5683520159300636, "accuracy_dev": 0.007187615186140804, "macro_precision_dev": 0.27151656435487687, "macro_recall_dev": 0.9949046622630116, "macro_f1_dev": 0.41505259582027076, "micro_precision_dev": 0.2730762029582475, "micro_recall_dev": 0.9972649572649572, "micro_f1_dev": 0.4287499081355185, "weighted_precision_dev": 0.3157961645103583, "weighted_recall_dev": 0.9972649572649572, "weighted_f1_dev": 0.47138365277471195, "threshold": 0.25, "roc_auc_dev": 0.6139353316176017, "_timestamp": 1706434448.3075361, "_runtime": 3.9457712173461914, "_step": 0, "_wandb": {"runtime": 4}}