{"train_loss": 103.83376920223236, "global_step": 100, "_timestamp": 1683459387.5592785, "_runtime": 35.44675850868225, "_step": 0, "_wandb": {"runtime": 53}}