{"train_loss": 1189.2356692552567, "global_step": 2000, "_timestamp": 1683456900.2333703, "_runtime": 698.1291873455048, "_step": 3, "eval_loss": 0.3838355006540523, "accuracy": 0.26833763361592333, "macro_precision": 0.4468500887831047, "macro_recall": 0.1881477235464429, "macro_f1": 0.23888950618025442, "micro_precision": 0.8980891719745223, "micro_recall": 0.2651282051282051, "micro_f1": 0.4093968589151379, "weighted_precision": 0.5294952598960306, "weighted_recall": 0.2651282051282051, "weighted_f1": 0.326676815912062, "threshold": 0.7, "_wandb": {"runtime": 786}}