{"train_loss": 103.83376920223236, "global_step": 100, "_timestamp": 1683460993.9035819, "_runtime": 73.43728184700012, "_step": 2, "dev_loss": 0.6875272684237537, "accuracy_dev": 0.002948765204570586, "macro_precision_dev": 0.2782927925877823, "macro_recall_dev": 0.9249001715062792, "macro_f1_dev": 0.4184969870195905, "micro_precision_dev": 0.28682855805730334, "micro_recall_dev": 0.9429059829059829, "micro_f1_dev": 0.4398548702204857, "weighted_precision_dev": 0.32200698306879844, "weighted_recall_dev": 0.9429059829059829, "weighted_f1_dev": 0.47218137639692426, "threshold": 0.6, "test_loss": 0.6881935077555039, "accuracy_test": 0.004790860512253547, "macro_precision_test": 0.2771908663951592, "macro_recall_test": 0.9214705513728972, "macro_f1_test": 0.4188225659772221, "micro_precision_test": 0.2851057197776508, "micro_recall_test": 0.9413379073756433, "micro_f1_test": 0.43765700386777784, "weighted_precision_test": 0.31387196713282045, "weighted_recall_test": 0.9413379073756433, "weighted_f1_test": 0.4646239818990552, "_wandb": {"runtime": 102}}