{"train_loss": 389.8544659912586, "global_step": 500, "_timestamp": 1683459796.3439722, "_runtime": 359.5307021141052, "_step": 14, "dev_loss": 0.9921889447990586, "accuracy_dev": 0.4437891632878732, "macro_precision_dev": 0.4170818814737625, "macro_recall_dev": 0.5027969181341072, "macro_f1_dev": 0.45200999212014004, "micro_precision_dev": 0.563031709203403, "micro_recall_dev": 0.6222222222222222, "micro_f1_dev": 0.5911490052781161, "weighted_precision_dev": 0.5257854888593897, "weighted_recall_dev": 0.6222222222222222, "weighted_f1_dev": 0.5647508269332426, "threshold": 0.6, "test_loss": 1.1170370042324067, "accuracy_test": 0.4262023217247098, "macro_precision_test": 0.4108900063469382, "macro_recall_test": 0.5073545588480157, "macro_f1_test": 0.4511112620605571, "micro_precision_test": 0.5517082886471579, "micro_recall_test": 0.6176672384219554, "micro_f1_test": 0.5828275471392733, "weighted_precision_test": 0.5066654498613239, "weighted_recall_test": 0.6176672384219554, "weighted_f1_test": 0.5528219183001496, "_wandb": {"runtime": 361}}