{"dev_loss": 0.5723924093386706, "accuracy_dev": 0.0687430888315518, "macro_precision_dev": 0.3089593694981761, "macro_recall_dev": 0.742689176626502, "macro_f1_dev": 0.43380842162561317, "micro_precision_dev": 0.34531513787281937, "micro_recall_dev": 0.8391452991452991, "micro_f1_dev": 0.4892853583175521, "weighted_precision_dev": 0.34328727636091994, "weighted_recall_dev": 0.8391452991452991, "weighted_f1_dev": 0.4858087164870944, "threshold": 0.275, "_timestamp": 1702571378.1006176, "_runtime": 3.7728917598724365, "_step": 0, "_wandb": {"runtime": 4}}