{"dev_loss": 0.5375427086563671, "accuracy_dev": 0.03722816070770365, "macro_precision_dev": 0.775506008855155, "macro_recall_dev": 0.024858181922770492, "macro_f1_dev": 0.04645320005214763, "micro_precision_dev": 0.9534883720930233, "micro_recall_dev": 0.03504273504273504, "micro_f1_dev": 0.06760098928277, "weighted_precision_dev": 0.8406973623747819, "weighted_recall_dev": 0.03504273504273504, "weighted_f1_dev": 0.06519210092373033, "threshold": [0.475, 0.475, 0.475, 0.475], "roc_auc_dev": 0.7615846509578732, "_timestamp": 1706437544.2935917, "_runtime": 3.2947726249694824, "_step": 0, "_wandb": {"runtime": 3}}