{"dev_loss": 0.5375427086563671, "accuracy_dev": 0.23018798378179137, "macro_precision_dev": 0.43836366874831034, "macro_recall_dev": 0.758846166312036, "macro_f1_dev": 0.5222209981514088, "micro_precision_dev": 0.41211063125976294, "micro_recall_dev": 0.7666666666666667, "micro_f1_dev": 0.5360664555070819, "weighted_precision_dev": 0.5017119312538243, "weighted_recall_dev": 0.7666666666666667, "weighted_f1_dev": 0.5840058035532308, "threshold": [0.25, 0.3, 0.275, 0.325], "roc_auc_dev": 0.7615846509578732, "_timestamp": 1706439559.3901389, "_runtime": 7.6544599533081055, "_step": 0, "_wandb": {"runtime": 3}}