{"dev_loss": 0.5643456448526943, "accuracy_dev": 0.03188352377441946, "macro_precision_dev": 0.2798137616652694, "macro_recall_dev": 0.9256712833444849, "macro_f1_dev": 0.42170027404722354, "micro_precision_dev": 0.29088429665372917, "micro_recall_dev": 0.948034188034188, "micro_f1_dev": 0.44517579065660623, "weighted_precision_dev": 0.32216054976912734, "weighted_recall_dev": 0.948034188034188, "weighted_f1_dev": 0.4747603530232178, "threshold": [0.25, 0.225, 0.25, 0.225], "roc_auc_dev": 0.5858406196479666, "_timestamp": 1706439011.8454182, "_runtime": 3.7298851013183594, "_step": 0, "_wandb": {"runtime": 3}}