{"dev_loss": 0.5659718197934768, "accuracy_dev": 0.054183560633984516, "macro_precision_dev": 0.2812941727603613, "macro_recall_dev": 0.8785477900328956, "macro_f1_dev": 0.41870058206832483, "micro_precision_dev": 0.29401974925108176, "micro_recall_dev": 0.905982905982906, "micro_f1_dev": 0.4439604623890098, "weighted_precision_dev": 0.3243352840644274, "weighted_recall_dev": 0.905982905982906, "weighted_f1_dev": 0.47219723208988335, "threshold": 0.25, "roc_auc_dev": 0.5755223324020977, "_timestamp": 1706434119.2643209, "_runtime": 3.689436912536621, "_step": 0, "_wandb": {"runtime": 3}}