{"train_loss": 1189.2356692552567, "global_step": 2000, "_timestamp": 1683458760.270224, "_runtime": 695.8144280910492, "_step": 3, "eval_loss": 0.3838355006540523, "accuracy": 0.6118687799483966, "macro_precision": 0.6828296459776946, "macro_recall": 0.6499152504220598, "macro_f1": 0.6595848414025876, "micro_precision": 0.6943650126156434, "micro_recall": 0.7056410256410256, "micro_f1": 0.6999576091564221, "weighted_precision": 0.6982939071115823, "weighted_recall": 0.7056410256410256, "weighted_f1": 0.6966718806543986, "threshold": 0.6, "_wandb": {"runtime": 748}}