{"dev_loss": 0.4616506041849361, "accuracy_dev": 0.5309620346479912, "macro_precision_dev": 0.5994250193283128, "macro_recall_dev": 0.603904955151729, "macro_f1_dev": 0.585949481161272, "micro_precision_dev": 0.6226561289322795, "micro_recall_dev": 0.6868376068376069, "micro_f1_dev": 0.6531740225961148, "weighted_precision_dev": 0.6298856693036164, "weighted_recall_dev": 0.6868376068376069, "weighted_f1_dev": 0.6466188410543123, "threshold": 0.25, "roc_auc_dev": 0.8062916656354839, "_timestamp": 1705917627.979897, "_runtime": 323.5894911289215, "_step": 151, "test_loss": 0.4630611102370655, "accuracy_test": 0.5231251151649161, "macro_precision_test": 0.5938133659810638, "macro_recall_test": 0.6044411614662721, "macro_f1_test": 0.5820662476414175, "micro_precision_test": 0.6127639895174966, "micro_recall_test": 0.6818181818181818, "micro_f1_test": 0.6454493789072014, "weighted_precision_test": 0.6185890115927507, "weighted_recall_test": 0.6818181818181818, "weighted_f1_test": 0.6371206264297291, "roc_auc_test": 0.8084307407904108, "train_loss": 0.43025584676686457, "epoch": 150, "best_roc_auc_dev": 0.8109643584086342, "best_roc_auc_test": 0.8132153181079149, "best_roc_auc_epoch": 122, "best_weighted_f1_dev": 0.6555961979671523, "best_weighted_precision_dev": 0.6057464417688266, "best_weighted_recall_dev": 0.7292307692307692, "best_weighted_f1_test": 0.6508375103227828, "best_weighted_precision_test": 0.5942811590314504, "best_weighted_recall_test": 0.7332761578044596, "best_weighted_f1_epoch": 46, "best_macro_f1_dev": 0.6030502884128934, "best_macro_precision_dev": 0.5662907159268378, "best_macro_recall_dev": 0.6598683066114021, "best_macro_f1_test": 0.6074649394227547, "best_macro_precision_test": 0.5627831589095081, "best_macro_recall_test": 0.673415197526315, "best_macro_f1_epoch": 46, "_wandb": {"runtime": 324}}