{"dev_loss": 0.46790489975143884, "accuracy_dev": 0.40914117213416884, "macro_precision_dev": 0.5603963613921126, "macro_recall_dev": 0.681366370755099, "macro_f1_dev": 0.592067634309644, "micro_precision_dev": 0.560145199649518, "micro_recall_dev": 0.7649572649572649, "micro_f1_dev": 0.6467230291206011, "weighted_precision_dev": 0.5807311353288119, "weighted_recall_dev": 0.7649572649572649, "weighted_f1_dev": 0.6445716692356989, "threshold": 0.2, "roc_auc_dev": 0.804335624717462, "_timestamp": 1704707376.7075315, "_runtime": 289.2194035053253, "_step": 151, "test_loss": 0.46647562086582184, "accuracy_test": 0.3994840611756035, "macro_precision_test": 0.5548563058871536, "macro_recall_test": 0.6884074450843474, "macro_f1_test": 0.5931636343332716, "micro_precision_test": 0.5564395822973645, "micro_recall_test": 0.7677530017152658, "micro_f1_test": 0.6452356926625342, "weighted_precision_test": 0.5724932379400414, "weighted_recall_test": 0.7677530017152658, "weighted_f1_test": 0.6407911370476084, "roc_auc_test": 0.8093401675871305, "train_loss": 0.4519693497349234, "epoch": 150, "best_roc_auc_dev": 0.8112723536360313, "best_roc_auc_test": 0.8166947737720889, "best_roc_auc_epoch": 100, "best_weighted_f1_dev": 0.6546400964395505, "best_weighted_precision_dev": 0.585564349227302, "best_weighted_recall_dev": 0.7547008547008547, "best_weighted_f1_test": 0.6483744998094946, "best_weighted_precision_test": 0.5740074902930802, "best_weighted_recall_test": 0.7564322469982847, "best_weighted_f1_epoch": 70, "best_macro_f1_dev": 0.6053121204005197, "best_macro_precision_dev": 0.5604726013240666, "best_macro_recall_dev": 0.6712861530488456, "best_macro_f1_test": 0.6049207243369206, "best_macro_precision_test": 0.5565969523548449, "best_macro_recall_test": 0.674782985738736, "best_macro_f1_epoch": 121, "_wandb": {"runtime": 289}}