{"dev_loss": 0.5633846731746898, "accuracy_dev": 0.03427939550313306, "macro_precision_dev": 0.3244682416635729, "macro_recall_dev": 0.9419946893552402, "macro_f1_dev": 0.45001157118608204, "micro_precision_dev": 0.2951813871430147, "micro_recall_dev": 0.9152136752136752, "micro_f1_dev": 0.44638986159746535, "weighted_precision_dev": 0.3910057918604997, "weighted_recall_dev": 0.9152136752136752, "weighted_f1_dev": 0.5182569643259511, "threshold": [0.25, 0.275, 0.275, 0.325], "roc_auc_dev": 0.7518033776543253, "_timestamp": 1706440410.805701, "_runtime": 3.6883089542388916, "_step": 0, "_wandb": {"runtime": 3}}