{"train_loss": 165.79105859994888, "global_step": 200, "_timestamp": 1683458040.6717443, "_runtime": 107.52674841880798, "_step": 3, "eval_loss": 0.7672449509887135, "accuracy": 0.002395871728713601, "macro_precision": 0.271842796366411, "macro_recall": 0.9854023245087034, "macro_f1": 0.4150906285323188, "micro_precision": 0.2749597041812838, "micro_recall": 0.9914529914529915, "micro_f1": 0.43052256532066513, "weighted_precision": 0.316056911405311, "weighted_recall": 0.9914529914529915, "weighted_f1": 0.4711398906127812, "threshold": 0.5, "_wandb": {"runtime": 114}}