{"dev_loss": 0.47101917003884036, "accuracy_dev": 0.33966089200147437, "macro_precision_dev": 0.3563751115752034, "macro_recall_dev": 0.5420755439829226, "macro_f1_dev": 0.42748449389591714, "micro_precision_dev": 0.4900695134061569, "micro_recall_dev": 0.6748717948717948, "micro_f1_dev": 0.5678124550553717, "weighted_precision_dev": 0.44146838064227456, "weighted_recall_dev": 0.6748717948717948, "weighted_f1_dev": 0.5308978751073791, "threshold": 0.3, "_timestamp": 1702113067.5414748, "_runtime": 6.873101711273193, "_step": 6, "test_loss": 0.47392790510373956, "accuracy_test": 0.33130643080891836, "macro_precision_test": 0.48072621229907897, "macro_recall_test": 0.5484649258333508, "macro_f1_test": 0.4293879789536862, "micro_precision_test": 0.48534322820037107, "micro_recall_test": 0.6730703259005146, "micro_f1_test": 0.56399568810636, "weighted_precision_test": 0.4887731023914901, "weighted_recall_test": 0.6730703259005146, "weighted_f1_test": 0.5226215660541461, "train_loss": 0.49698798901894514, "epoch": 3, "best_weighted_f1_dev": 0.5308978751073791, "best_weighted_precision_dev": 0.44146838064227456, "best_weighted_recall_dev": 0.6748717948717948, "best_weighted_f1_test": 0.5226215660541461, "best_weighted_precision_test": 0.4887731023914901, "best_weighted_recall_test": 0.6730703259005146, "best_weighted_f1_epoch": 3, "best_macro_f1_dev": 0.42748449389591714, "best_macro_precision_dev": 0.3563751115752034, "best_macro_recall_dev": 0.5420755439829226, "best_macro_f1_test": 0.4293879789536862, "best_macro_precision_test": 0.48072621229907897, "best_macro_recall_test": 0.5484649258333508, "best_macro_f1_epoch": 3, "_wandb": {"runtime": 6}}