{"dev_loss": 0.5713847665225759, "accuracy_dev": 0.0, "macro_precision_dev": 0.34333658867169214, "macro_recall_dev": 0.9235015772870663, "macro_f1_dev": 0.4421775889184453, "micro_precision_dev": 0.2800433252098565, "micro_recall_dev": 0.8839316239316239, "micro_f1_dev": 0.4253341558708616, "weighted_precision_dev": 0.42613809024157107, "weighted_recall_dev": 0.8839316239316239, "weighted_f1_dev": 0.514391461145158, "threshold": [0.25, 0.275, 0.3, 0.325], "roc_auc_dev": 0.7710968434919478, "_timestamp": 1706438194.8907669, "_runtime": 3.498079776763916, "_step": 0, "_wandb": {"runtime": 3}}