{"dev_loss": 0.5646222605424769, "accuracy_dev": 0.043494286767416145, "macro_precision_dev": 0.27657839290330166, "macro_recall_dev": 0.9437380054765236, "macro_f1_dev": 0.41666364433921277, "micro_precision_dev": 0.2802785627775535, "micro_recall_dev": 0.9494017094017094, "micro_f1_dev": 0.43279046208992444, "weighted_precision_dev": 0.32084674511157674, "weighted_recall_dev": 0.9494017094017094, "weighted_f1_dev": 0.47178896028007744, "threshold": 0.225, "roc_auc_dev": 0.5769797595155202, "_timestamp": 1706434497.3452137, "_runtime": 3.8815505504608154, "_step": 0, "_wandb": {"runtime": 4}}