{"dev_loss": 0.5646222777226392, "accuracy_dev": 0.024511610762993, "macro_precision_dev": 0.3745093065288392, "macro_recall_dev": 0.01782936250245057, "macro_f1_dev": 0.03385477082161867, "micro_precision_dev": 0.568, "micro_recall_dev": 0.024273504273504273, "micro_f1_dev": 0.04655737704918033, "weighted_precision_dev": 0.469744276676959, "weighted_recall_dev": 0.024273504273504273, "weighted_f1_dev": 0.045966032751545205, "threshold": [0.45, 0.475, 0.475, 0.475], "roc_auc_dev": 0.5769785933514551, "_timestamp": 1706438810.8936615, "_runtime": 3.7983195781707764, "_step": 0, "_wandb": {"runtime": 3}}