{"dev_loss": 0.5375427086563671, "accuracy_dev": 0.3767047548838924, "macro_precision_dev": 0.46479079695821945, "macro_recall_dev": 0.5377862040438749, "macro_f1_dev": 0.46205057665023463, "micro_precision_dev": 0.5086047127349749, "micro_recall_dev": 0.6567521367521367, "micro_f1_dev": 0.573261712921516, "weighted_precision_dev": 0.4908034365853295, "weighted_recall_dev": 0.6567521367521367, "weighted_f1_dev": 0.5410774548846273, "threshold": 0.3, "roc_auc_dev": 0.7615846509578732, "_timestamp": 1706439329.901792, "_runtime": 4.0335540771484375, "_step": 0, "_wandb": {"runtime": 4}}