{"dev_loss": 0.5731081299922045, "accuracy_dev": 0.0, "macro_precision_dev": 0.41729635090305933, "macro_recall_dev": 0.7503379900856242, "macro_f1_dev": 0.2680909678187502, "micro_precision_dev": 0.2232049628401204, "micro_recall_dev": 0.6211965811965812, "micro_f1_dev": 0.3284081153133614, "weighted_precision_dev": 0.5383546457228728, "weighted_recall_dev": 0.6211965811965812, "weighted_f1_dev": 0.25025593142192837, "threshold": [0.25, 0.275, 0.3, 0.325], "roc_auc_dev": 0.6300566707471382, "_timestamp": 1706438702.9040465, "_runtime": 3.701538562774658, "_step": 0, "_wandb": {"runtime": 3}}