{"dev_loss": 0.5558471816427567, "accuracy_dev": 0.11297456690011058, "macro_precision_dev": 0.3920272874954567, "macro_recall_dev": 0.8706995904144729, "macro_f1_dev": 0.5030103827366225, "micro_precision_dev": 0.3527843815287083, "micro_recall_dev": 0.8370940170940171, "micro_f1_dev": 0.4963762607065024, "weighted_precision_dev": 0.46615584287143297, "weighted_recall_dev": 0.8370940170940171, "weighted_f1_dev": 0.5727024335609217, "threshold": [0.25, 0.275, 0.3, 0.325], "roc_auc_dev": 0.7853000080641093, "_timestamp": 1706439510.034719, "_runtime": 3.3137669563293457, "_step": 0, "_wandb": {"runtime": 3}}