{"dev_loss": 0.5335016099845662, "accuracy_dev": 0.06229266494655363, "macro_precision_dev": 0.7038713625774864, "macro_recall_dev": 0.043070465271743914, "macro_f1_dev": 0.07774768311540733, "micro_precision_dev": 0.9007832898172323, "micro_recall_dev": 0.05897435897435897, "micro_f1_dev": 0.11070110701107011, "weighted_precision_dev": 0.7742545163956306, "weighted_recall_dev": 0.05897435897435897, "weighted_f1_dev": 0.10556637820025044, "threshold": [0.475, 0.475, 0.475, 0.475], "roc_auc_dev": 0.7372870444284314, "_timestamp": 1706437588.9963372, "_runtime": 3.2275311946868896, "_step": 0, "_wandb": {"runtime": 3}}