{"train_loss": 165.79105859994888, "global_step": 200, "_timestamp": 1683460225.8454225, "_runtime": 144.92678451538086, "_step": 5, "dev_loss": 0.7672449509887135, "accuracy_dev": 0.002395871728713601, "macro_precision_dev": 0.271842796366411, "macro_recall_dev": 0.9854023245087034, "macro_f1_dev": 0.4150906285323188, "micro_precision_dev": 0.2749597041812838, "micro_recall_dev": 0.9914529914529915, "micro_f1_dev": 0.43052256532066513, "weighted_precision_dev": 0.316056911405311, "weighted_recall_dev": 0.9914529914529915, "weighted_f1_dev": 0.4711398906127812, "threshold": 0.5, "test_loss": 0.7998419423313702, "accuracy_test": 0.003869541182974019, "macro_precision_test": 0.27105822674056773, "macro_recall_test": 0.9832831737804907, "macro_f1_test": 0.4159965508819553, "micro_precision_test": 0.2741039639211963, "micro_recall_test": 0.9903945111492282, "micro_f1_test": 0.42937348949618886, "weighted_precision_test": 0.3078296217729801, "weighted_recall_test": 0.9903945111492282, "weighted_f1_test": 0.4630229080071223, "_wandb": {"runtime": 146}}