{"dev_loss": 0.5683520197868347, "accuracy_dev": 0.020272760781422778, "macro_precision_dev": 0.2764288051490531, "macro_recall_dev": 0.9598059323413108, "macro_f1_dev": 0.4166875021330201, "micro_precision_dev": 0.27656742902208203, "micro_recall_dev": 0.9591452991452991, "micro_f1_dev": 0.42933659805646945, "weighted_precision_dev": 0.32169320249033956, "weighted_recall_dev": 0.9591452991452991, "weighted_f1_dev": 0.47318094387514437, "threshold": [0.25, 0.275, 0.275, 0.3], "roc_auc_dev": 0.6139355752414325, "_timestamp": 1706438984.4068065, "_runtime": 3.808776378631592, "_step": 0, "_wandb": {"runtime": 3}}