{"dev_loss": 0.443204780887155, "accuracy_dev": 0.5068190195355695, "macro_precision_dev": 0.5900066882062309, "macro_recall_dev": 0.5871520637377718, "macro_f1_dev": 0.5432772202841958, "micro_precision_dev": 0.5901591895803184, "micro_recall_dev": 0.6970940170940171, "micro_f1_dev": 0.6391849529780564, "weighted_precision_dev": 0.5954846778465833, "weighted_recall_dev": 0.6970940170940171, "weighted_f1_dev": 0.61744338377672, "threshold": 0.3, "roc_auc_dev": 0.8019847411416481, "_timestamp": 1705917261.2459126, "_runtime": 324.7916805744171, "_step": 151, "test_loss": 0.4477202257689308, "accuracy_test": 0.4953012714206744, "macro_precision_test": 0.5892720333321265, "macro_recall_test": 0.6037335916070011, "macro_f1_test": 0.553230352951402, "micro_precision_test": 0.5808510638297872, "micro_recall_test": 0.7024013722126929, "micro_f1_test": 0.6358695652173912, "weighted_precision_test": 0.5891434290843323, "weighted_recall_test": 0.7024013722126929, "weighted_f1_test": 0.6152870770978269, "roc_auc_test": 0.8030891233377078, "train_loss": 0.4393994306816774, "epoch": 150, "best_roc_auc_dev": 0.8050762414928493, "best_roc_auc_test": 0.8049733859305839, "best_roc_auc_epoch": 132, "best_weighted_f1_dev": 0.6367252424068721, "best_weighted_precision_dev": 0.6177382714197737, "best_weighted_recall_dev": 0.6883760683760684, "best_weighted_f1_test": 0.6313947734350943, "best_weighted_precision_test": 0.6108005652854696, "best_weighted_recall_test": 0.6854202401372212, "best_weighted_f1_epoch": 121, "best_macro_f1_dev": 0.5806865329516988, "best_macro_precision_dev": 0.5607307579284161, "best_macro_recall_dev": 0.6501844837916315, "best_macro_f1_test": 0.5838500867078256, "best_macro_precision_test": 0.558878701118556, "best_macro_recall_test": 0.6597503012165848, "best_macro_f1_epoch": 86, "_wandb": {"runtime": 325}}