{"dev_loss": 0.5633846731746898, "accuracy_dev": 0.05160339107998525, "macro_precision_dev": 0.3638821992581423, "macro_recall_dev": 0.7666695544480865, "macro_f1_dev": 0.4180858487480565, "micro_precision_dev": 0.34031038080333853, "micro_recall_dev": 0.8921367521367521, "micro_f1_dev": 0.49268384782403474, "weighted_precision_dev": 0.36307163850703383, "weighted_recall_dev": 0.8921367521367521, "weighted_f1_dev": 0.4804808395042596, "threshold": 0.275, "roc_auc_dev": 0.7518033776543253, "_timestamp": 1706440138.7924204, "_runtime": 4.133638381958008, "_step": 0, "_wandb": {"runtime": 4}}