{"train_loss": 0.568198076615731, "global_step": 3000, "_timestamp": 1685735271.5860827, "_runtime": 15.377579689025879, "_step": 8, "dev_loss": 0.5116419930668438, "accuracy_dev": 0.179657269209508, "macro_precision_dev": 0.36405579693061, "macro_recall_dev": 0.8043812016811049, "macro_f1_dev": 0.5000979184978517, "micro_precision_dev": 0.39691952252599155, "micro_recall_dev": 0.8810256410256411, "micro_f1_dev": 0.5472790018582426, "weighted_precision_dev": 0.3970960115951395, "weighted_recall_dev": 0.8810256410256411, "weighted_f1_dev": 0.5465219268876094, "threshold": 0.2, "test_loss": 0.5111787126344793, "accuracy_test": 0.17851879145173177, "macro_precision_test": 0.35918139533426335, "macro_recall_test": 0.7959080681842934, "macro_f1_test": 0.4937433484505811, "micro_precision_test": 0.3910271183836522, "micro_recall_test": 0.8730703259005146, "micro_f1_test": 0.5401390141667108, "weighted_precision_test": 0.3880279244790905, "weighted_recall_test": 0.8730703259005146, "weighted_f1_test": 0.5365400607881463, "_wandb": {"runtime": 15}}