{"train_loss": 311.79436153173447, "global_step": 400, "_timestamp": 1683457878.6262734, "_runtime": 193.1607804298401, "_step": 6, "eval_loss": 0.9561871386626187, "accuracy": 0.3333947659417619, "macro_precision": 0.3579146064995502, "macro_recall": 0.40054998511410356, "macro_f1": 0.37796069391170795, "micro_precision": 0.5082891813365237, "micro_recall": 0.5083760683760684, "micro_f1": 0.5083326211434921, "weighted_precision": 0.4520121893930112, "weighted_recall": 0.5083760683760684, "weighted_f1": 0.4784719380954348, "threshold": 0.6, "_wandb": {"runtime": 211}}