{"train_loss": 103.83376920223236, "global_step": 100, "_timestamp": 1683457592.3567746, "_runtime": 36.15964460372925, "_step": 0, "_wandb": {"runtime": 54}}