{"dev_loss": 0.5718054035130669, "accuracy_dev": 0.008293402137854773, "macro_precision_dev": 0.565317682452858, "macro_recall_dev": 0.501380859834529, "macro_f1_dev": 0.14768290535851938, "micro_precision_dev": 0.1730911102914054, "micro_recall_dev": 0.32085470085470086, "micro_f1_dev": 0.2248712112136097, "weighted_precision_dev": 0.7105608271074196, "weighted_recall_dev": 0.32085470085470086, "weighted_f1_dev": 0.105309556168422, "threshold": [0.25, 0.275, 0.325, 0.35], "roc_auc_dev": 0.6280525957676834, "_timestamp": 1706438728.6375153, "_runtime": 4.029699325561523, "_step": 0, "_wandb": {"runtime": 3}}