{"train_loss": 6.690678707758585, "global_step": 60, "_timestamp": 1700567119.297378, "_runtime": 47.19536900520325, "_step": 6, "dev_loss": 12.312631248025333, "accuracy_dev": 0.0, "macro_precision_dev": 0.2695355694802801, "macro_recall_dev": 1.0, "macro_f1_dev": 0.41254343464816695, "micro_precision_dev": 0.2695355694802801, "micro_recall_dev": 1.0, "micro_f1_dev": 0.42462074471946, "weighted_precision_dev": 0.314162390012003, "weighted_recall_dev": 1.0, "weighted_f1_dev": 0.469428597332681, "threshold": 0.0, "test_loss": 12.270120800242704, "accuracy_test": 0.0, "macro_precision_test": 0.2685645844849825, "macro_recall_test": 1.0, "macro_f1_test": 0.413335094863148, "micro_precision_test": 0.2685645844849825, "micro_recall_test": 1.0, "micro_f1_test": 0.4234149175684509, "weighted_precision_test": 0.30566808925956584, "weighted_recall_test": 1.0, "weighted_f1_test": 0.4609471287668582, "_wandb": {"runtime": 46}}